source_parameter_name,security_bits,field_size,n,N,matrix_dimensions,t,client_sparse_msm_terms,code_rate,expansion_factor,repetition_count,malicious_check_parameters,statistical_or_computational_error,public_key_or_setup_size,ciphertext_size,malicious_overhead,source_location
RAA-2^15,100,"prime field F_q, q>=3; evaluated with BN254 Fr",32768,131072,"32768 x 131072",1178,1178,0.25,4,4,"fresh c in F_q; independent e and e_ck","dual-LPN computational security; RAA generator-distance failure <=2^-21 is a separate extrapolated claim for n>=2^15","h has N group points plus compact RAA descriptor","n field elements semi-honest; 2n malicious","2 ciphertexts, 2 server MSMs, 2 corrections; check error <=1/q","paper p19 Table 2 and p13 Figure 2"
RAA-2^16,100,"prime field F_q, q>=3; evaluated with BN254 Fr",65536,262144,"65536 x 262144",1164,1164,0.25,4,4,"fresh c in F_q; independent e and e_ck","same as above","h has N group points plus compact RAA descriptor","n field elements semi-honest; 2n malicious","same structure","paper p19 Table 2"
RAA-2^17,100,"prime field F_q, q>=3; evaluated with BN254 Fr",131072,524288,"131072 x 524288",1150,1150,0.25,4,4,"fresh c in F_q; independent e and e_ck","same as above","h has N group points plus compact RAA descriptor","n field elements semi-honest; 2n malicious","same structure","paper p19 Table 2"
RAA-2^18,100,"prime field F_q, q>=3; evaluated with BN254 Fr",262144,1048576,"262144 x 1048576",1136,1136,0.25,4,4,"fresh c in F_q; independent e and e_ck","same as above","h has N group points plus compact RAA descriptor","n field elements semi-honest; 2n malicious","same structure","paper p19 Table 2"
RAA-2^19,100,"prime field F_q, q>=3; evaluated with BN254 Fr",524288,2097152,"524288 x 2097152",1122,1122,0.25,4,4,"fresh c in F_q; independent e and e_ck","same as above","h has N group points plus compact RAA descriptor","n field elements semi-honest; 2n malicious","same structure","paper p19 Table 2"
RAA-2^20,100,"prime field F_q, q>=3; evaluated with BN254 Fr",1048576,4194304,"1048576 x 4194304",1108,1108,0.25,4,4,"fresh c in F_q; independent e and e_ck","same as above","h has N group points plus compact RAA descriptor","n field elements semi-honest; 2n malicious","same structure","paper p19 Table 2"
RAA-2^21,100,"prime field F_q, q>=3; evaluated with BN254 Fr",2097152,8388608,"2097152 x 8388608",1094,1094,0.25,4,4,"fresh c in F_q; independent e and e_ck","same as above","h has N group points plus compact RAA descriptor","n field elements semi-honest; 2n malicious","same structure","paper p19 Table 2"
RAA-2^22,100,"prime field F_q, q>=3; evaluated with BN254 Fr",4194304,16777216,"4194304 x 16777216",1080,1080,0.25,4,4,"fresh c in F_q; independent e and e_ck","same as above","h has N group points plus compact RAA descriptor","n field elements semi-honest; 2n malicious","same structure","paper p19 Table 2"
RAA-2^23,100,"prime field F_q, q>=3; evaluated with BN254 Fr",8388608,33554432,"8388608 x 33554432",1066,1066,0.25,4,4,"fresh c in F_q; independent e and e_ck","same as above","h has N group points plus compact RAA descriptor","n field elements semi-honest; 2n malicious","same structure","paper p19 Table 2"
