run_id,workload,mode,proof_sha256,public_input_sha256,verifier_source_id,verifier_binary_sha256,verify_result,error
phase5fc_formal_H1_M1_r1,H1,Memory-local,edc44cd2c74c8bddb628dde3ee7c5b3d698e8de380f5e7cbf07d4e1875342606,2ce6310448458261065c5d6ff577597886db4f81f45e8ea2bdae3fabf1eb3995,spartan-baseline-testable-0.9.0-tree-sha256:64028097e7122bb7f50a4ad77e23a967f74cbce9a2eaf244164c8c38c574a921,d864905064415fd60bfda8708f99cf353a9670ee8e4f51e09c280f12648fcf87,PASS,
phase5fc_formal_H1_M1_r2,H1,Memory-local,c78b23e08a1b2d1412a7cd47f5b04e94e966c243af515485c45f9075179812c1,2ce6310448458261065c5d6ff577597886db4f81f45e8ea2bdae3fabf1eb3995,spartan-baseline-testable-0.9.0-tree-sha256:64028097e7122bb7f50a4ad77e23a967f74cbce9a2eaf244164c8c38c574a921,d864905064415fd60bfda8708f99cf353a9670ee8e4f51e09c280f12648fcf87,PASS,
phase5fc_formal_H1_M1_r3,H1,Memory-local,c4d0284a5f525226f8d56bdb80b661f3d636138aed0ae5e413af7abbaa0dbc52,2ce6310448458261065c5d6ff577597886db4f81f45e8ea2bdae3fabf1eb3995,spartan-baseline-testable-0.9.0-tree-sha256:64028097e7122bb7f50a4ad77e23a967f74cbce9a2eaf244164c8c38c574a921,d864905064415fd60bfda8708f99cf353a9670ee8e4f51e09c280f12648fcf87,PASS,
phase5fc_formal_H1_M1_r4,H1,Memory-local,0f5ce1ea20bad6863182d98685b670b02286b6ec255345178dfe6995eff635f3,2ce6310448458261065c5d6ff577597886db4f81f45e8ea2bdae3fabf1eb3995,spartan-baseline-testable-0.9.0-tree-sha256:64028097e7122bb7f50a4ad77e23a967f74cbce9a2eaf244164c8c38c574a921,d864905064415fd60bfda8708f99cf353a9670ee8e4f51e09c280f12648fcf87,PASS,
phase5fc_formal_H1_M1_r5,H1,Memory-local,f31071e2dfe47d52e421bb84a801b45d0ac392102139a6238eb0ce0b0a02a3df,2ce6310448458261065c5d6ff577597886db4f81f45e8ea2bdae3fabf1eb3995,spartan-baseline-testable-0.9.0-tree-sha256:64028097e7122bb7f50a4ad77e23a967f74cbce9a2eaf244164c8c38c574a921,d864905064415fd60bfda8708f99cf353a9670ee8e4f51e09c280f12648fcf87,PASS,
phase5fc_formal_H1_M2_r1,H1,Selected,9bbf217a3bdbcbd80952ad7e47a2114a7524a15bbca1c199cb95fe44e2de720a,2ce6310448458261065c5d6ff577597886db4f81f45e8ea2bdae3fabf1eb3995,spartan-baseline-testable-0.9.0-tree-sha256:64028097e7122bb7f50a4ad77e23a967f74cbce9a2eaf244164c8c38c574a921,d864905064415fd60bfda8708f99cf353a9670ee8e4f51e09c280f12648fcf87,PASS,
phase5fc_formal_H1_M2_r2,H1,Selected,1c0f2f33b40a1c7f342a17f8ce836ca45e6a12ccd347412b46cc849e6d6b5bc4,2ce6310448458261065c5d6ff577597886db4f81f45e8ea2bdae3fabf1eb3995,spartan-baseline-testable-0.9.0-tree-sha256:64028097e7122bb7f50a4ad77e23a967f74cbce9a2eaf244164c8c38c574a921,d864905064415fd60bfda8708f99cf353a9670ee8e4f51e09c280f12648fcf87,PASS,
phase5fc_formal_H1_M2_r3,H1,Selected,cd9d4cf1acfedde9b523cf7448b7a22bb6901fd5e4b5e6c23beea581992c8836,2ce6310448458261065c5d6ff577597886db4f81f45e8ea2bdae3fabf1eb3995,spartan-baseline-testable-0.9.0-tree-sha256:64028097e7122bb7f50a4ad77e23a967f74cbce9a2eaf244164c8c38c574a921,d864905064415fd60bfda8708f99cf353a9670ee8e4f51e09c280f12648fcf87,PASS,
phase5fc_formal_H1_M2_r4,H1,Selected,376cea28df9b69285d1131e4fb2770d56b6ab1f8a31aa8d4163c7a621eb44c77,2ce6310448458261065c5d6ff577597886db4f81f45e8ea2bdae3fabf1eb3995,spartan-baseline-testable-0.9.0-tree-sha256:64028097e7122bb7f50a4ad77e23a967f74cbce9a2eaf244164c8c38c574a921,d864905064415fd60bfda8708f99cf353a9670ee8e4f51e09c280f12648fcf87,PASS,
phase5fc_formal_H1_M2_r5,H1,Selected,a3884b8e88168de0fe9e48ed0e52a03cf4ff17831598884256fda5acf1c14f15,2ce6310448458261065c5d6ff577597886db4f81f45e8ea2bdae3fabf1eb3995,spartan-baseline-testable-0.9.0-tree-sha256:64028097e7122bb7f50a4ad77e23a967f74cbce9a2eaf244164c8c38c574a921,d864905064415fd60bfda8708f99cf353a9670ee8e4f51e09c280f12648fcf87,PASS,
phase5fc_formal_H1_M4_r1,H1,PBMO-enabled,abad9aad80cb6e8575fe511c968815063e60af657d28b9c4d43931677d967580,2ce6310448458261065c5d6ff577597886db4f81f45e8ea2bdae3fabf1eb3995,spartan-baseline-testable-0.9.0-tree-sha256:64028097e7122bb7f50a4ad77e23a967f74cbce9a2eaf244164c8c38c574a921,d864905064415fd60bfda8708f99cf353a9670ee8e4f51e09c280f12648fcf87,PASS,
phase5fc_formal_H1_M4_r2,H1,PBMO-enabled,eb3f698b787e505a5f176ef9f7a1fe99d34197619c37cb3232d21d15d2185784,2ce6310448458261065c5d6ff577597886db4f81f45e8ea2bdae3fabf1eb3995,spartan-baseline-testable-0.9.0-tree-sha256:64028097e7122bb7f50a4ad77e23a967f74cbce9a2eaf244164c8c38c574a921,d864905064415fd60bfda8708f99cf353a9670ee8e4f51e09c280f12648fcf87,PASS,
phase5fc_formal_H1_M4_r3,H1,PBMO-enabled,078c13956bcca908ff1b9d50741f92b9805f30fb33bf84771b83995b30b2e76a,2ce6310448458261065c5d6ff577597886db4f81f45e8ea2bdae3fabf1eb3995,spartan-baseline-testable-0.9.0-tree-sha256:64028097e7122bb7f50a4ad77e23a967f74cbce9a2eaf244164c8c38c574a921,d864905064415fd60bfda8708f99cf353a9670ee8e4f51e09c280f12648fcf87,PASS,
phase5fc_formal_H1_M4_r4,H1,PBMO-enabled,aaf6717d503989a303222931de8c30740761ea98de3976090e884bca0cc27548,2ce6310448458261065c5d6ff577597886db4f81f45e8ea2bdae3fabf1eb3995,spartan-baseline-testable-0.9.0-tree-sha256:64028097e7122bb7f50a4ad77e23a967f74cbce9a2eaf244164c8c38c574a921,d864905064415fd60bfda8708f99cf353a9670ee8e4f51e09c280f12648fcf87,PASS,
phase5fc_formal_H1_M4_r5,H1,PBMO-enabled,e8266d41ceed68543919583cdcb8e1584dc9d8060dc4c499f96ff2c0bb90a7e4,2ce6310448458261065c5d6ff577597886db4f81f45e8ea2bdae3fabf1eb3995,spartan-baseline-testable-0.9.0-tree-sha256:64028097e7122bb7f50a4ad77e23a967f74cbce9a2eaf244164c8c38c574a921,d864905064415fd60bfda8708f99cf353a9670ee8e4f51e09c280f12648fcf87,PASS,
phase5fc_formal_H2_M1_r1,H2,Memory-local,a5e7f5d0b0c0ac4caa870fd89428d08a485cfc8a4ac1c0ab23708962a1312f67,d07bf7902f378fbaa9b83c9bdcb07e9a23c5af0604407b606ed830127c1a4091,spartan-baseline-testable-0.9.0-tree-sha256:64028097e7122bb7f50a4ad77e23a967f74cbce9a2eaf244164c8c38c574a921,d864905064415fd60bfda8708f99cf353a9670ee8e4f51e09c280f12648fcf87,PASS,
phase5fc_formal_H2_M1_r2,H2,Memory-local,db2891be68ac438d23ad67fe78200dece7cc04e79221005152843f92b6544af0,d07bf7902f378fbaa9b83c9bdcb07e9a23c5af0604407b606ed830127c1a4091,spartan-baseline-testable-0.9.0-tree-sha256:64028097e7122bb7f50a4ad77e23a967f74cbce9a2eaf244164c8c38c574a921,d864905064415fd60bfda8708f99cf353a9670ee8e4f51e09c280f12648fcf87,PASS,
phase5fc_formal_H2_M1_r3,H2,Memory-local,435eea16ce027771ab51e777ecdb2b0f01d8e191e77328ad70b28787ef64d9a7,d07bf7902f378fbaa9b83c9bdcb07e9a23c5af0604407b606ed830127c1a4091,spartan-baseline-testable-0.9.0-tree-sha256:64028097e7122bb7f50a4ad77e23a967f74cbce9a2eaf244164c8c38c574a921,d864905064415fd60bfda8708f99cf353a9670ee8e4f51e09c280f12648fcf87,PASS,
phase5fc_formal_H2_M1_r4,H2,Memory-local,95bde1b2836b6f2e551ac4a1d0dadb365371a381e80af078e321385d310cb908,d07bf7902f378fbaa9b83c9bdcb07e9a23c5af0604407b606ed830127c1a4091,spartan-baseline-testable-0.9.0-tree-sha256:64028097e7122bb7f50a4ad77e23a967f74cbce9a2eaf244164c8c38c574a921,d864905064415fd60bfda8708f99cf353a9670ee8e4f51e09c280f12648fcf87,PASS,
phase5fc_formal_H2_M1_r5,H2,Memory-local,34a1239fe7bc4bdf5d92fcfbdd010b92b781696bcce59a01284bc7a7cc650f71,d07bf7902f378fbaa9b83c9bdcb07e9a23c5af0604407b606ed830127c1a4091,spartan-baseline-testable-0.9.0-tree-sha256:64028097e7122bb7f50a4ad77e23a967f74cbce9a2eaf244164c8c38c574a921,d864905064415fd60bfda8708f99cf353a9670ee8e4f51e09c280f12648fcf87,PASS,
phase5fc_formal_H2_M2_r1,H2,Selected,ed7cfa00ff1628547809b48ee96434ba779bd75cc2fd5d60c13f3cd8fc8e92b8,d07bf7902f378fbaa9b83c9bdcb07e9a23c5af0604407b606ed830127c1a4091,spartan-baseline-testable-0.9.0-tree-sha256:64028097e7122bb7f50a4ad77e23a967f74cbce9a2eaf244164c8c38c574a921,d864905064415fd60bfda8708f99cf353a9670ee8e4f51e09c280f12648fcf87,PASS,
phase5fc_formal_H2_M2_r2,H2,Selected,b8f1f174f9d956f0404b06d2df83ed2b85c62cf10a416abc8e381e2e725f9ee9,d07bf7902f378fbaa9b83c9bdcb07e9a23c5af0604407b606ed830127c1a4091,spartan-baseline-testable-0.9.0-tree-sha256:64028097e7122bb7f50a4ad77e23a967f74cbce9a2eaf244164c8c38c574a921,d864905064415fd60bfda8708f99cf353a9670ee8e4f51e09c280f12648fcf87,PASS,
phase5fc_formal_H2_M2_r3,H2,Selected,bb1ddcb2116af86e933ba30543fd50e85791d11c9bc1a6520ac271725a4fcdc5,d07bf7902f378fbaa9b83c9bdcb07e9a23c5af0604407b606ed830127c1a4091,spartan-baseline-testable-0.9.0-tree-sha256:64028097e7122bb7f50a4ad77e23a967f74cbce9a2eaf244164c8c38c574a921,d864905064415fd60bfda8708f99cf353a9670ee8e4f51e09c280f12648fcf87,PASS,
phase5fc_formal_H2_M2_r4,H2,Selected,c1a4f554fe160e9dde5be738cf41344767d207be19f9443c74b2cb6af66ebbbc,d07bf7902f378fbaa9b83c9bdcb07e9a23c5af0604407b606ed830127c1a4091,spartan-baseline-testable-0.9.0-tree-sha256:64028097e7122bb7f50a4ad77e23a967f74cbce9a2eaf244164c8c38c574a921,d864905064415fd60bfda8708f99cf353a9670ee8e4f51e09c280f12648fcf87,PASS,
phase5fc_formal_H2_M2_r5,H2,Selected,6d868ce947aa954efb98d58239091bdbab1b1d18e33cf7e905995ce667a8531e,d07bf7902f378fbaa9b83c9bdcb07e9a23c5af0604407b606ed830127c1a4091,spartan-baseline-testable-0.9.0-tree-sha256:64028097e7122bb7f50a4ad77e23a967f74cbce9a2eaf244164c8c38c574a921,d864905064415fd60bfda8708f99cf353a9670ee8e4f51e09c280f12648fcf87,PASS,
phase5fc_formal_H2_M4_r1,H2,PBMO-enabled,acdc907353a635822585c95baddb7ed40c8bc089df5ee97d3287de425a48a20d,d07bf7902f378fbaa9b83c9bdcb07e9a23c5af0604407b606ed830127c1a4091,spartan-baseline-testable-0.9.0-tree-sha256:64028097e7122bb7f50a4ad77e23a967f74cbce9a2eaf244164c8c38c574a921,d864905064415fd60bfda8708f99cf353a9670ee8e4f51e09c280f12648fcf87,PASS,
phase5fc_formal_H2_M4_r2,H2,PBMO-enabled,eb889cc501c1b6a5482d660442869f19151c491c5d0e1ac9a5e04a87c4a3a7ea,d07bf7902f378fbaa9b83c9bdcb07e9a23c5af0604407b606ed830127c1a4091,spartan-baseline-testable-0.9.0-tree-sha256:64028097e7122bb7f50a4ad77e23a967f74cbce9a2eaf244164c8c38c574a921,d864905064415fd60bfda8708f99cf353a9670ee8e4f51e09c280f12648fcf87,PASS,
phase5fc_formal_H2_M4_r3,H2,PBMO-enabled,a1703df45e32a4b77f353f2074a2b66177b7d4c891e267554a21287b505b7eb1,d07bf7902f378fbaa9b83c9bdcb07e9a23c5af0604407b606ed830127c1a4091,spartan-baseline-testable-0.9.0-tree-sha256:64028097e7122bb7f50a4ad77e23a967f74cbce9a2eaf244164c8c38c574a921,d864905064415fd60bfda8708f99cf353a9670ee8e4f51e09c280f12648fcf87,PASS,
phase5fc_formal_H2_M4_r4,H2,PBMO-enabled,2937c0c1652351a103e5a8669cbae063ea589d6087514a0572cdd786a38e24bf,d07bf7902f378fbaa9b83c9bdcb07e9a23c5af0604407b606ed830127c1a4091,spartan-baseline-testable-0.9.0-tree-sha256:64028097e7122bb7f50a4ad77e23a967f74cbce9a2eaf244164c8c38c574a921,d864905064415fd60bfda8708f99cf353a9670ee8e4f51e09c280f12648fcf87,PASS,
phase5fc_formal_H2_M4_r5,H2,PBMO-enabled,932a8a59ae553c44a993b5dc5ed3c5fed931e82abc722d7aae780cf0a9447bea,d07bf7902f378fbaa9b83c9bdcb07e9a23c5af0604407b606ed830127c1a4091,spartan-baseline-testable-0.9.0-tree-sha256:64028097e7122bb7f50a4ad77e23a967f74cbce9a2eaf244164c8c38c574a921,d864905064415fd60bfda8708f99cf353a9670ee8e4f51e09c280f12648fcf87,PASS,
